"DisplayName","Id","Moderator","InRunning","Reputation","CandidateScore","MonthsOnSite","UpVotes","DownVotes","Votes","HelpfulFlags","ReviewCount","QuestionCount","AnswerCount","GoldBadges","SilverBadges","BronzeBadges","CommentCount","BodyEdits","TitleEdits","TagEdits","UpVotesMSO","DownVotesMSO","VotesMSO","QuestionCountMSO","AnswerCountMSO","GoldBadgesMSO","SilverBadgesMSO","BronzeBadgesMSO","CommentCountMSO","DiscussionScoreMSO","FeatureRequestScoreMSO","SupportScoreMSO","ReputationMSE","UpVotesMSE","DownVotesMSE","VotesMSE","QuestionCountMSE","AnswerCountMSE","GoldBadgesMSE","SilverBadgesMSE","BronzeBadgesMSE","CommentCountMSE","DiscussionScoreMSE","FeatureRequestScoreMSE","SupportScoreMSE"
"0x7fffffff",716216,1,0,65638,40,55,6559,7535,14094,1406,2993,17,1179,23,148,198,2357,1065,164,491,709,159,868,1,2,0,9,12,11,42,0,0,2044,690,125,815,12,6,0,10,24,62,21,1,60
"Andy",189134,0,0,15731,33,73,2744,5471,8215,63294,7707,90,591,10,51,85,677,701,50,69,1545,937,2482,7,98,6,31,56,146,923,153,155,4023,1454,478,1932,32,30,2,12,31,121,186,39,29
"bjb568",2371861,0,0,5324,23,30,1404,4782,6186,1770,2929,17,226,9,22,50,1612,513,133,106,1240,596,1836,46,54,3,25,58,968,351,6,45,3700,1183,399,1582,21,29,2,15,41,509,111,69,6
"Bohemian",256196,1,0,180568,40,70,6141,1516,7657,1591,4172,95,6768,31,206,321,8174,1505,345,256,59,5,64,10,7,3,19,28,50,103,34,0,3675,175,5,180,86,8,0,9,38,189,31,7,2
"BoltClock",106224,1,0,325840,39,78,12004,1595,13599,1160,1877,22,3805,75,811,956,19742,5685,1468,9566,391,188,579,7,222,11,131,136,1875,2976,476,569,38403,1828,222,2050,66,313,9,119,222,2833,1771,348,870
"Brad Larson",19679,1,0,140343,39,86,4598,5247,9845,7591,296,13,1581,32,317,474,5512,3829,1037,1669,1298,110,1408,8,304,46,265,267,759,6731,1026,1167,38331,4151,538,4689,31,265,17,84,178,1121,2078,1048,630
"casperOne",50776,1,0,54479,37,82,2861,621,3482,173,243,21,1382,10,116,193,1945,2947,378,3256,61,5,66,0,2,0,6,7,15,22,0,5,31665,2511,1029,3540,81,272,10,80,175,2243,1798,312,503
"ChrisF",59303,1,0,84669,39,82,2413,527,2940,1200,2628,39,2195,14,149,238,4340,1817,438,275,793,284,1077,2,470,20,238,241,731,5653,342,1562,69572,5555,698,6253,86,1207,24,179,385,4124,4331,1740,2068
"codeMagic",1380752,0,0,32149,37,42,717,545,1262,289,2059,13,1498,9,36,68,6112,659,64,104,314,61,375,11,92,4,41,56,727,981,114,49,2062,63,13,76,5,38,0,4,16,132,160,31,8
"deceze",476,0,1,259484,39,87,8779,17572,26351,803,281,59,6463,36,315,454,20437,1139,192,162,383,98,481,7,80,10,49,52,465,1443,45,41,2032,88,7,95,4,5,1,9,12,35,23,146,6
"Ed Cottrell",2057919,0,1,20405,40,33,3106,5244,8350,8813,2634,8,942,8,24,59,2632,802,184,149,377,113,490,5,15,2,12,24,63,155,40,17,1029,399,33,432,15,11,1,5,16,71,20,0,17
"Flexo",168175,1,0,48213,40,74,4504,6709,11213,8358,1276,30,831,15,85,143,3209,2429,269,150,813,213,1026,4,24,0,24,28,96,338,4,37,11788,2979,1398,4377,28,109,6,33,82,834,537,233,127
"George Stocker",16587,1,0,36164,38,86,6789,2396,9185,908,146,37,549,21,123,191,2734,2252,1107,1173,528,301,829,15,211,12,116,152,692,2906,142,847,53750,1794,772,2566,81,642,19,127,312,1541,3804,888,1035
"Gordon",208809,1,0,189342,38,72,6639,4022,10661,1102,193,11,2559,40,342,413,9364,1003,194,548,27,0,27,0,5,0,8,9,18,123,0,0,4655,348,55,403,15,23,3,20,42,171,210,53,10
"Jeremy Banks",1114,1,0,42370,40,87,2363,1862,4225,1520,1192,54,440,48,197,245,708,472,209,382,320,117,437,2,20,2,20,29,135,445,19,35,11205,4903,1344,6247,83,164,4,76,155,872,451,208,1127
"Johnny Bones",2174085,0,0,4382,18,32,269,136,405,81,644,148,557,2,16,42,937,238,93,23,44,7,51,6,11,0,3,13,27,57,3,0,4463,67,180,247,47,91,0,8,35,285,138,75,30
"Jon Clements",1252759,1,0,62973,40,44,2230,1015,3245,1229,1443,6,2000,9,91,148,6041,933,243,1099,293,27,320,6,55,4,31,50,262,605,52,121,1242,137,17,154,16,22,0,8,25,133,55,13,16
"josilber",3093387,0,1,26660,40,23,1282,1489,2771,8568,2224,12,807,8,24,63,935,1328,143,234,959,428,1387,10,24,2,13,36,59,204,18,12,998,342,50,392,3,6,0,6,18,7,19,45,9
"Madara Uchiha",871050,0,1,75455,40,52,4919,2143,7062,794,1740,72,2411,29,120,179,7077,978,98,153,199,37,236,10,51,5,31,44,168,774,64,189,21784,1477,185,1662,126,248,6,42,109,710,712,414,267
"Martijn Pieters",100297,1,0,413246,40,78,5192,6252,11444,3026,5669,3,14662,44,878,1077,38172,10260,1292,6837,928,1863,2791,12,723,37,507,420,3993,7850,636,5147,82670,2132,2627,4759,41,1046,25,237,346,5985,3259,1037,3202
"Matt",444991,1,0,44015,40,69,5915,1715,7630,5744,5174,5,1076,9,83,125,2465,2315,365,149,1030,208,1238,4,39,2,35,39,203,570,20,162,11073,3202,651,3853,73,102,4,39,86,722,517,185,172
"meagar",229044,1,0,115221,40,71,2378,4651,7029,2276,1681,12,2572,14,168,215,7360,7202,1332,237,153,315,468,3,23,4,15,26,155,481,84,10,7700,564,929,1493,14,70,6,20,51,358,378,184,46
"Michael Myers",13531,1,0,104624,38,86,4231,141,4372,270,369,8,582,28,218,253,2669,1873,592,856,70,11,81,0,7,2,11,16,40,231,23,3,21358,1833,65,1898,21,226,6,55,110,2292,1087,203,403
"minitech",707111,1,0,111079,40,55,4534,4907,9441,3963,5170,47,3209,19,190,246,9107,4334,1387,1295,319,137,456,0,10,0,6,17,148,41,0,2,397,2521,593,3114,61,80,2,40,78,720,359,61,131
"Mureinik",2422776,0,1,72471,40,30,4099,13143,17242,1108,8657,0,3379,17,41,74,2745,2596,384,1284,653,288,941,6,23,5,17,33,28,394,4,86,1425,990,715,1705,9,21,2,5,21,13,53,3,38
"rekire",995926,0,1,21732,39,49,2071,53,2124,531,1945,126,905,14,65,139,2408,898,141,570,62,6,68,5,5,0,6,17,33,43,0,0,1742,271,2,273,38,14,1,7,24,124,3,0,17
"Robert Harvey",102937,1,0,119889,38,78,7459,1290,8749,194,2212,148,3209,26,199,321,13574,4153,1690,1412,340,140,480,16,310,27,164,196,1804,4960,375,418,105571,3210,668,3878,148,1207,48,278,581,6730,7552,1593,1855
"slugster",109702,0,1,31252,37,78,4370,1373,5743,1017,1822,28,1215,8,60,100,1931,848,874,497,375,421,796,1,141,7,61,77,332,1953,178,270,17140,1333,984,2317,54,271,4,22,82,663,988,224,192
"Sterling Archer",774078,0,0,11086,25,54,1186,1288,2474,333,743,92,477,3,28,57,3009,98,2,51,75,31,106,27,16,2,18,38,172,155,81,17,1410,63,11,74,20,5,0,4,17,69,9,38,0
"ThiefMaster",298479,1,0,165075,40,68,6341,5501,11842,1210,1020,85,3501,34,290,396,6715,1926,385,244,80,51,131,1,5,1,10,12,15,262,7,90,10757,1584,473,2057,56,72,5,34,79,205,665,126,179
"Thomas Owens",572,0,1,52508,33,87,2913,199,3112,119,68,244,514,64,235,377,1312,145,98,201,31,11,42,0,1,0,8,8,7,42,0,0,11764,678,39,717,103,97,1,37,78,442,348,193,103
"Travis J",1026459,0,0,41253,35,48,4167,1376,5543,249,215,219,1607,10,85,146,3467,133,31,87,1040,520,1560,19,140,8,48,99,799,1449,324,50,18283,1510,467,1977,64,261,3,44,99,945,1156,274,189
"Ty221",1952862,0,0,3601,17,34,431,327,758,300,1202,88,148,5,28,58,418,239,93,105,2,0,2,0,4,0,2,7,0,-21,4,1,925,76,27,103,30,17,0,4,24,45,16,-6,3
"Undo",1849664,0,1,13910,32,36,1835,2432,4267,7662,8735,53,433,12,57,82,1122,1693,253,615,314,107,421,20,39,0,23,48,71,325,67,56,25165,2182,698,2880,200,190,13,60,159,958,1121,247,314
"vaultah",2301450,0,0,14276,34,31,2265,4279,6544,1730,2291,13,344,8,25,53,1006,853,173,421,168,375,543,15,2,0,12,25,32,11,0,0,154,41,195,236,5,0,0,2,11,5,0,0,0
"Vinod Madyalkar",2193767,0,1,22542,35,32,2441,178,2619,105,489,39,1159,5,29,62,4213,190,13,46,80,4,84,11,21,0,8,21,86,93,34,43,101,2,0,2,0,0,0,0,2,1,0,0,0
